{
    "countries": [{
        "value": "AF",
        "display": "Afghanistan",
        "national_flag": ""
    }, {
        "value": "AX",
        "display": "Åland Islands",
        "national_flag": ""
    }, {
        "value": "AL",
        "display": "Albania",
        "national_flag": ""
    }, {
        "value": "DZ",
        "display": "Algeria",
        "national_flag": "algeria.png"
    }, {
        "value": "AS",
        "display": "American Samoa",
        "national_flag": ""
    }, {
        "value": "AD",
        "display": "Andorra",
        "national_flag": ""
    }, {
        "value": "AO",
        "display": "Angola",
        "national_flag": "angola.png"
    }, {
        "value": "AI",
        "display": "Anguilla",
        "national_flag": ""
    }, {
        "value": "AQ",
        "display": "Antarctica",
        "national_flag": ""
    }, {
        "value": "AG",
        "display": "Antigua and Barbuda",
        "national_flag": ""
    }, {
        "value": "AR",
        "display": "Argentina",
        "national_flag": "argentina.png"
    }, {
        "value": "AM",
        "display": "Armenia",
        "national_flag": ""
    }, {
        "value": "AW",
        "display": "Aruba",
        "national_flag": "aruba.png"
    }, {
        "value": "AU",
        "display": "Australia",
        "national_flag": "australia.png"
    }, {
        "value": "AT",
        "display": "Austria",
        "national_flag": "austria.png"
    }, {
        "value": "AZ",
        "display": "Azerbaijan",
        "national_flag": "azerbaijan.png"
    }, {
        "value": "BS",
        "display": "Bahamas",
        "national_flag": ""
    }, {
        "value": "BH",
        "display": "Bahrain",
        "national_flag": "bahrain.png"
    }, {
        "value": "BD",
        "display": "Bangladesh",
        "national_flag": "bangladesh.png"
    }, {
        "value": "BB",
        "display": "Barbados",
        "national_flag": ""
    }, {
        "value": "BY",
        "display": "Belarus",
        "national_flag": "belarus.png"
    }, {
        "value": "BE",
        "display": "Belgium",
        "national_flag": "belgium.png"
    }, {
        "value": "BZ",
        "display": "Belize",
        "national_flag": ""
    }, {
        "value": "BJ",
        "display": "Benin",
        "national_flag": "benin.png"
    }, {
        "value": "BM",
        "display": "Bermuda",
        "national_flag": ""
    }, {
        "value": "BT",
        "display": "Bhutan",
        "national_flag": ""
    }, {
        "value": "BO",
        "display": "Bolivia",
        "national_flag": ""
    }, {
        "value": "BA",
        "display": "Bosnia and Herzegovina",
        "national_flag": ""
    }, {
        "value": "BW",
        "display": "Botswana",
        "national_flag": ""
    }, {
        "value": "BV",
        "display": "Bouvet Island",
        "national_flag": ""
    }, {
        "value": "BR",
        "display": "Brazil",
        "national_flag": "brazil.png"
    }, {
        "value": "IO",
        "display": "British Indian Ocean Territory",
        "national_flag": ""
    }, {
        "value": "BN",
        "display": "Brunei Darussalam",
        "national_flag": "brunei.png"
    }, {
        "value": "BG",
        "display": "Bulgaria",
        "national_flag": "bulgaria.png"
    }, {
        "value": "BF",
        "display": "Burkina Faso",
        "national_flag": ""
    }, {
        "value": "BI",
        "display": "Burundi",
        "national_flag": ""
    }, {
        "value": "KH",
        "display": "Cambodia",
        "national_flag": "cambodia.png"
    }, {
        "value": "CM",
        "display": "Cameroon",
        "national_flag": "cameroon.png"
    }, {
        "value": "CA",
        "display": "Canada",
        "national_flag": "canada.png"
    }, {
        "value": "CV",
        "display": "Cape Verde",
        "national_flag": ""
    }, {
        "value": "KY",
        "display": "Cayman Islands",
        "national_flag": ""
    }, {
        "value": "CF",
        "display": "Central African Republic",
        "national_flag": ""
    }, {
        "value": "TD",
        "display": "Chad",
        "national_flag": ""
    }, {
        "value": "CL",
        "display": "Chile",
        "national_flag": "chile.png"
    }, {
        "value": "CN",
        "display": "China",
        "national_flag": "people-republic-of-china.png"
    }, {
        "value": "CX",
        "display": "Christmas Island",
        "national_flag": ""
    }, {
        "value": "CC",
        "display": "Cocos (Keeling) Islands",
        "national_flag": ""
    }, {
        "value": "CO",
        "display": "Colombia",
        "national_flag": "colombia.png"
    }, {
        "value": "KM",
        "display": "Comoros",
        "national_flag": "comoros.png"
    }, {
        "value": "CG",
        "display": "Congo",
        "national_flag": ""
    }, {
        "value": "CD",
        "display": "Congo, The Democratic Republic of The",
        "national_flag": ""
    }, {
        "value": "CK",
        "display": "Cook Islands",
        "national_flag": ""
    }, {
        "value": "CR",
        "display": "Costa Rica",
        "national_flag": ""
    }, {
        "value": "CI",
        "display": "Cote D'ivoire",
        "national_flag": ""
    }, {
        "value": "HR",
        "display": "Croatia",
        "national_flag": "croatia.png"
    }, {
        "value": "CU",
        "display": "Cuba",
        "national_flag": "cuba.png"
    }, {
        "value": "CY",
        "display": "Cyprus",
        "national_flag": "cyprus.png"
    }, {
        "value": "CZ",
        "display": "Czech Republic",
        "national_flag": "czech-republic.png"
    }, {
        "value": "DK",
        "display": "Denmark",
        "national_flag": "denmark.png"
    }, {
        "value": "DJ",
        "display": "Djibouti",
        "national_flag": "djibouti.png"
    }, {
        "value": "DM",
        "display": "Dominica",
        "national_flag": ""
    }, {
        "value": "DO",
        "display": "Dominican Republic",
        "national_flag": ""
    }, {
        "value": "EC",
        "display": "Ecuador",
        "national_flag": "ecuador.png"
    }, {
        "value": "EG",
        "display": "Egypt",
        "national_flag": "egypt.png"
    }, {
        "value": "SV",
        "display": "El Salvador",
        "national_flag": ""
    }, {
        "value": "GQ",
        "display": "Equatorial Guinea",
        "national_flag": ""
    }, {
        "value": "ER",
        "display": "Eritrea",
        "national_flag": ""
    }, {
        "value": "EE",
        "display": "Estonia",
        "national_flag": ""
    }, {
        "value": "ET",
        "display": "Ethiopia",
        "national_flag": "ethiopia.png"
    }, {
        "value": "FK",
        "display": "Falkland Islands (Malvinas)",
        "national_flag": ""
    }, {
        "value": "FO",
        "display": "Faroe Islands",
        "national_flag": ""
    }, {
        "value": "FJ",
        "display": "Fiji",
        "national_flag": "fiji.png"
    }, {
        "value": "FI",
        "display": "Finland",
        "national_flag": "finland.png"
    }, {
        "value": "FR",
        "display": "France",
        "national_flag": "france.png"
    }, {
        "value": "GF",
        "display": "French Guiana",
        "national_flag": ""
    }, {
        "value": "PF",
        "display": "French Polynesia",
        "national_flag": ""
    }, {
        "value": "TF",
        "display": "French Southern Territories",
        "national_flag": ""
    }, {
        "value": "GA",
        "display": "Gabon",
        "national_flag": ""
    }, {
        "value": "GM",
        "display": "Gambia",
        "national_flag": ""
    }, {
        "value": "GE",
        "display": "Georgia",
        "national_flag": "georgia.png"
    }, {
        "value": "DE",
        "display": "Germany",
        "national_flag": "germany.png"
    }, {
        "value": "GH",
        "display": "Ghana",
        "national_flag": "ghana.png"
    }, {
        "value": "GI",
        "display": "Gibraltar",
        "national_flag": ""
    }, {
        "value": "GR",
        "display": "Greece",
        "national_flag": "greece.png"
    }, {
        "value": "GL",
        "display": "Greenland",
        "national_flag": ""
    }, {
        "value": "GD",
        "display": "Grenada",
        "national_flag": ""
    }, {
        "value": "GP",
        "display": "Guadeloupe",
        "national_flag": ""
    }, {
        "value": "GU",
        "display": "Guam",
        "national_flag": ""
    }, {
        "value": "GT",
        "display": "Guatemala",
        "national_flag": ""
    }, {
        "value": "GG",
        "display": "Guernsey",
        "national_flag": ""
    }, {
        "value": "GN",
        "display": "Guinea",
        "national_flag": ""
    }, {
        "value": "GW",
        "display": "Guinea-bissau",
        "national_flag": ""
    }, {
        "value": "GY",
        "display": "Guyana",
        "national_flag": ""
    }, {
        "value": "HT",
        "display": "Haiti",
        "national_flag": ""
    }, {
        "value": "HM",
        "display": "Heard Island and Mcdonald Islands",
        "national_flag": ""
    }, {
        "value": "VA",
        "display": "Holy See (Vatican City State)",
        "national_flag": ""
    }, {
        "value": "HN",
        "display": "Honduras",
        "national_flag": ""
    }, {
        "value": "HK",
        "display": "Hong Kong",
        "national_flag": "hong-kong.png"
    }, {
        "value": "HU",
        "display": "Hungary",
        "national_flag": "hungary.png"
    }, {
        "value": "IS",
        "display": "Iceland",
        "national_flag": ""
    }, {
        "value": "IN",
        "display": "India",
        "national_flag": "india.png"
    }, {
        "value": "ID",
        "display": "Indonesia",
        "national_flag": "indonesia.png"
    }, {
        "value": "IR",
        "display": "Iran, Islamic Republic of",
        "national_flag": "iran.png"
    }, {
        "value": "IQ",
        "display": "Iraq",
        "national_flag": "iraq.png"
    }, {
        "value": "IE",
        "display": "Ireland",
        "national_flag": "ireland.png"
    }, {
        "value": "IM",
        "display": "Isle of Man",
        "national_flag": ""
    }, {
        "value": "IL",
        "display": "Israel",
        "national_flag": "israel.png"
    }, {
        "value": "IT",
        "display": "Italy",
        "national_flag": "italy.png"
    }, {
        "value": "JM",
        "display": "Jamaica",
        "national_flag": ""
    }, {
        "value": "JP",
        "display": "Japan",
        "national_flag": "japan.png"
    }, {
        "value": "JE",
        "display": "Jersey",
        "national_flag": ""
    }, {
        "value": "JO",
        "display": "Jordan",
        "national_flag": "jordan.png"
    }, {
        "value": "KZ",
        "display": "Kazakhstan",
        "national_flag": "kazakhstan.png"
    }, {
        "value": "KE",
        "display": "Kenya",
        "national_flag": "kenya.png"
    }, {
        "value": "KI",
        "display": "Kiribati",
        "national_flag": ""
    }, {
        "value": "KP",
        "display": ",Korea Democratic People's Republic of",
        "national_flag": ""
    }, {
        "value": "KR",
        "display": "Korea, Republic of",
        "national_flag": "south-korea.png"
    }, {
        "value": "KW",
        "display": "Kuwait",
        "national_flag": "kuwait.png"
    }, {
        "value": "KG",
        "display": "Kyrgyzstan",
        "national_flag": ""
    }, {
        "value": "LA",
        "display": "Lao People's Democratic Republic",
        "national_flag": "laos.png"
    }, {
        "value": "LV",
        "display": "Latvia",
        "national_flag": ""
    }, {
        "value": "LB",
        "display": "Lebanon",
        "national_flag": "lebanon.png"
    }, {
        "value": "LS",
        "display": "Lesotho",
        "national_flag": ""
    }, {
        "value": "LR",
        "display": "Liberia",
        "national_flag": "liberia.png"
    }, {
        "value": "LY",
        "display": "Libyan Arab Jamahiriya",
        "national_flag": ""
    }, {
        "value": "LI",
        "display": "Liechtenstein",
        "national_flag": ""
    }, {
        "value": "LT",
        "display": "Lithuania",
        "national_flag": ""
    }, {
        "value": "LU",
        "display": "Luxembourg",
        "national_flag": "luxembourg.png"
    }, {
        "value": "MO",
        "display": "Macao",
        "national_flag": ""
    }, {
        "value": "MK",
        "display": "Macedonia, The Former Yugoslav Republic of",
        "national_flag": "macedonia.png"
    }, {
        "value": "MG",
        "display": "Madagascar",
        "national_flag": "madagascar.png"
    }, {
        "value": "MW",
        "display": "Malawi",
        "national_flag": ""
    }, {
        "value": "MY",
        "display": "Malaysia",
        "national_flag": "malaysia.png"
    }, {
        "value": "MV",
        "display": "Maldives",
        "national_flag": "maldives.png"
    }, {
        "value": "ML",
        "display": "Mali",
        "national_flag": ""
    }, {
        "value": "MT",
        "display": "Malta",
        "national_flag": "malta.png"
    }, {
        "value": "MH",
        "display": "Marshall Islands",
        "national_flag": ""
    }, {
        "value": "MQ",
        "display": "Martinique",
        "national_flag": ""
    }, {
        "value": "MR",
        "display": "Mauritania",
        "national_flag": ""
    }, {
        "value": "MU",
        "display": "Mauritius",
        "national_flag": ""
    }, {
        "value": "YT",
        "display": "Mayotte",
        "national_flag": ""
    }, {
        "value": "MX",
        "display": "Mexico",
        "national_flag": "mexico.png"
    }, {
        "value": "FM",
        "display": "Micronesia, Federated States of",
        "national_flag": ""
    }, {
        "value": "MD",
        "display": "Moldova, Republic of",
        "national_flag": ""
    }, {
        "value": "MC",
        "display": "Monaco",
        "national_flag": ""
    }, {
        "value": "MN",
        "display": "Mongolia",
        "national_flag": ""
    }, {
        "value": "ME",
        "display": "Montenegro",
        "national_flag": ""
    }, {
        "value": "MS",
        "display": "Montserrat",
        "national_flag": ""
    }, {
        "value": "MA",
        "display": "Morocco",
        "national_flag": "morocco.png"
    }, {
        "value": "MZ",
        "display": "Mozambique",
        "national_flag": ""
    }, {
        "value": "MM",
        "display": "Myanmar",
        "national_flag": "myanmar.png"
    }, {
        "value": "NA",
        "display": "Namibia",
        "national_flag": ""
    }, {
        "value": "NR",
        "display": "Nauru",
        "national_flag": ""
    }, {
        "value": "NP",
        "display": "Nepal",
        "national_flag": "nepal.png"
    }, {
        "value": "NL",
        "display": "Netherlands",
        "national_flag": "netherlands.png"
    }, {
        "value": "AN",
        "display": "Netherlands Antilles",
        "national_flag": ""
    }, {
        "value": "NC",
        "display": "New Caledonia",
        "national_flag": ""
    }, {
        "value": "NZ",
        "display": "New Zealand",
        "national_flag": "newzealand.png"
    }, {
        "value": "NI",
        "display": "Nicaragua",
        "national_flag": ""
    }, {
        "value": "NE",
        "display": "Niger",
        "national_flag": ""
    }, {
        "value": "NG",
        "display": "Nigeria",
        "national_flag": "nigeria.png"
    }, {
        "value": "NU",
        "display": "Niue",
        "national_flag": ""
    }, {
        "value": "NF",
        "display": "Norfolk Island",
        "national_flag": ""
    }, {
        "value": "MP",
        "display": "Northern Mariana Islands",
        "national_flag": ""
    }, {
        "value": "NO",
        "display": "Norway",
        "national_flag": "norway.png"
    }, {
        "value": "OM",
        "display": "Oman",
        "national_flag": ""
    }, {
        "value": "PK",
        "display": "Pakistan",
        "national_flag": "pakistan.png"
    }, {
        "value": "PW",
        "display": "Palau",
        "national_flag": "palau.png"
    }, {
        "value": "PS",
        "display": "Palestinian Territory, Occupied",
        "national_flag": ""
    }, {
        "value": "PA",
        "display": "Panama",
        "national_flag": "panama.png"
    }, {
        "value": "PG",
        "display": "Papua New Guinea",
        "national_flag": "papua-new-guinea.png"
    }, {
        "value": "PY",
        "display": "Paraguay",
        "national_flag": ""
    }, {
        "value": "PE",
        "display": "Peru",
        "national_flag": "peru.png"
    }, {
        "value": "PH",
        "display": "Philippines",
        "national_flag": "philippines.png"
    }, {
        "value": "PN",
        "display": "Pitcairn",
        "national_flag": ""
    }, {
        "value": "PL",
        "display": "Poland",
        "national_flag": "poland.png"
    }, {
        "value": "PT",
        "display": "Portugal",
        "national_flag": "portugar.png"
    }, {
        "value": "PR",
        "display": "Puerto Rico",
        "national_flag": ""
    }, {
        "value": "QA",
        "display": "Qatar",
        "national_flag": "quatar.png"
    }, {
        "value": "RE",
        "display": "Reunion",
        "national_flag": ""
    }, {
        "value": "RO",
        "display": "Romania",
        "national_flag": "romania.png"
    }, {
        "value": "RU",
        "display": "Russian Federation",
        "national_flag": "russia.png"
    }, {
        "value": "RW",
        "display": "Rwanda",
        "national_flag": "rwanda.png"
    }, {
        "value": "SH",
        "display": "Saint Helena",
        "national_flag": ""
    }, {
        "value": "KN",
        "display": "Saint Kitts and Nevis",
        "national_flag": ""
    }, {
        "value": "LC",
        "display": "Saint Lucia",
        "national_flag": ""
    }, {
        "value": "PM",
        "display": "Saint Pierre and Miquelon",
        "national_flag": ""
    }, {
        "value": "VC",
        "display": "Saint Vincent and The Grenadines",
        "national_flag": ""
    }, {
        "value": "WS",
        "display": "Samoa",
        "national_flag": "samoa.png"
    }, {
        "value": "SM",
        "display": "San Marino",
        "national_flag": ""
    }, {
        "value": "ST",
        "display": "Sao Tome and Principe",
        "national_flag": ""
    }, {
        "value": "SA",
        "display": "Saudi Arabia",
        "national_flag": "saudi-arabia.png"
    }, {
        "value": "SN",
        "display": "Senegal",
        "national_flag": ""
    }, {
        "value": "RS",
        "display": "Serbia",
        "national_flag": "serbia.png"
    }, {
        "value": "SC",
        "display": "Seychelles",
        "national_flag": ""
    }, {
        "value": "SL",
        "display": "Sierra Leone",
        "national_flag": ""
    }, {
        "value": "SG",
        "display": "Singapore",
        "national_flag": "singapore.png"
    }, {
        "value": "SK",
        "display": "Slovakia",
        "national_flag": ""
    }, {
        "value": "SI",
        "display": "Slovenia",
        "national_flag": ""
    }, {
        "value": "SB",
        "display": "Solomon Islands",
        "national_flag": "solomon-islands.png"
    }, {
        "value": "SO",
        "display": "Somalia",
        "national_flag": ""
    }, {
        "value": "ZA",
        "display": "South Africa",
        "national_flag": "south-africa.png"
    }, {
        "value": "GS",
        "display": "South Georgia and The South Sandwich Islands",
        "national_flag": ""
    }, {
        "value": "ES",
        "display": "Spain",
        "national_flag": "spain.png"
    }, {
        "value": "LK",
        "display": "Sri Lanka",
        "national_flag": "srilanka.png"
    }, {
        "value": "SD",
        "display": "Sudan",
        "national_flag": "sudan.png"
    }, {
        "value": "SR",
        "display": "Suriname",
        "national_flag": "suriname.png"
    }, {
        "value": "SJ",
        "display": "Svalbard and Jan Mayen",
        "national_flag": ""
    }, {
        "value": "SZ",
        "display": "Swaziland",
        "national_flag": ""
    }, {
        "value": "SE",
        "display": "Sweden",
        "national_flag": "sweden.png"
    }, {
        "value": "CH",
        "display": "Switzerland",
        "national_flag": "switzerland.png"
    }, {
        "value": "SY",
        "display": "Syrian Arab Republic",
        "national_flag": ""
    }, {
        "value": "TW",
        "display": "Taiwan, Province of China",
        "national_flag": "republic-of-china.png"
    }, {
        "value": "TJ",
        "display": "Tajikistan",
        "national_flag": ""
    }, {
        "value": "TZ",
        "display": "Tanzania, United Republic of",
        "national_flag": "tanzania.png"
    }, {
        "value": "TH",
        "display": "Thailand",
        "national_flag": "thailand.png"
    }, {
        "value": "TL",
        "display": "Timor-leste",
        "national_flag": ""
    }, {
        "value": "TG",
        "display": "Togo",
        "national_flag": ""
    }, {
        "value": "TK",
        "display": "Tokelau",
        "national_flag": ""
    }, {
        "value": "TO",
        "display": "Tonga",
        "national_flag": ""
    }, {
        "value": "TT",
        "display": "Trinidad and Tobago",
        "national_flag": ""
    }, {
        "value": "TN",
        "display": "Tunisia",
        "national_flag": "tunisia.png"
    }, {
        "value": "TR",
        "display": "Turkey",
        "national_flag": "turkey.png"
    }, {
        "value": "TM",
        "display": "Turkmenistan",
        "national_flag": ""
    }, {
        "value": "TC",
        "display": "Turks and Caicos Islands",
        "national_flag": ""
    }, {
        "value": "TV",
        "display": "Tuvalu",
        "national_flag": ""
    }, {
        "value": "UG",
        "display": "Uganda",
        "national_flag": "uganda.png"
    }, {
        "value": "UA",
        "display": "Ukraine",
        "national_flag": "ukraine.png"
    }, {
        "value": "AE",
        "display": "United Arab Emirates",
        "national_flag": "united-arab-emirates.png"
    }, {
        "value": "GB",
        "display": "United Kingdom",
        "national_flag": ""
    }, {
        "value": "US",
        "display": "United States",
        "national_flag": "united-stated.png"
    }, {
        "value": "UM",
        "display": "United States Minor Outlying Islands",
        "national_flag": ""
    }, {
        "value": "UY",
        "display": "Uruguay",
        "national_flag": ""
    }, {
        "value": "UZ",
        "display": "Uzbekistan",
        "national_flag": "uzbekistan.png"
    }, {
        "value": "VU",
        "display": "Vanuatu",
        "national_flag": "vanuatu.png"
    }, {
        "value": "VE",
        "display": "Venezuela",
        "national_flag": ""
    }, {
        "value": "VN",
        "display": "Viet Nam",
        "national_flag": "vietnam.png"
    }, {
        "value": "VG",
        "display": "Virgin Islands, British",
        "national_flag": ""
    }, {
        "value": "VI",
        "display": "Virgin Islands, U.S.",
        "national_flag": ""
    }, {
        "value": "WF",
        "display": "Wallis and Futuna",
        "national_flag": ""
    }, {
        "value": "EH",
        "display": "Western Sahara",
        "national_flag": ""
    }, {
        "value": "YE",
        "display": "Yemen",
        "national_flag": "yemen.png"
    }, {
        "value": "ZM",
        "display": "Zambia",
        "national_flag": "zambia.png"
    }, {
        "value": "ZW",
        "display": "Zimbabwe",
        "national_flag": "zimbabwe.png"
    }]
}