{
    "data": [{
        "countryId": "ID",
        "countryName": "Indonesia",
        "telPref": "62"
    }, {
        "countryId": "MY",
        "countryName": "Malaysia",
        "telPref": "60"
    }, {
        "countryId": "SG",
        "countryName": "Singapore",
        "telPref": "65"
    }, {
        "countryId": "AD",
        "countryName": "Andorra",
        "telPref": "376"
    }, {
        "countryId": "AE",
        "countryName": "United Arab Emirates",
        "telPref": "971"
    }, {
        "countryId": "AF",
        "countryName": "Afghanistan",
        "telPref": "93"
    }, {
        "countryId": "AG",
        "countryName": "Antigua and Barbuda",
        "telPref": "1268"
    }, {
        "countryId": "AI",
        "countryName": "Anguilla",
        "telPref": "1264"
    }, {
        "countryId": "AL",
        "countryName": "Albania",
        "telPref": "355"
    }, {
        "countryId": "AM",
        "countryName": "Armenia",
        "telPref": "374"
    }, {
        "countryId": "AN",
        "countryName": "Netherlands Antilles",
        "telPref": "599"
    }, {
        "countryId": "AO",
        "countryName": "Angola",
        "telPref": "244"
    }, {
        "countryId": "AQ",
        "countryName": "Antarctica",
        "telPref": "672"
    }, {
        "countryId": "AR",
        "countryName": "Argentina",
        "telPref": "54"
    }, {
        "countryId": "AS",
        "countryName": "American Samoa",
        "telPref": "1684"
    }, {
        "countryId": "AT",
        "countryName": "Austria",
        "telPref": "43"
    }, {
        "countryId": "AU",
        "countryName": "Australia",
        "telPref": "61"
    }, {
        "countryId": "AW",
        "countryName": "Aruba",
        "telPref": "297"
    }, {
        "countryId": "AZ",
        "countryName": "Azerbaijan",
        "telPref": "994"
    }, {
        "countryId": "BA",
        "countryName": "Bosnia and Herzegovina",
        "telPref": "387"
    }, {
        "countryId": "BB",
        "countryName": "Barbados",
        "telPref": "1246"
    }, {
        "countryId": "BD",
        "countryName": "Bangladesh",
        "telPref": "880"
    }, {
        "countryId": "BE",
        "countryName": "Belgium",
        "telPref": "32"
    }, {
        "countryId": "BF",
        "countryName": "Burkina Faso",
        "telPref": "226"
    }, {
        "countryId": "BG",
        "countryName": "Bulgaria",
        "telPref": "359"
    }, {
        "countryId": "BH",
        "countryName": "Bahrain",
        "telPref": "973"
    }, {
        "countryId": "BI",
        "countryName": "Burundi",
        "telPref": "257"
    }, {
        "countryId": "BJ",
        "countryName": "Benin",
        "telPref": "229"
    }, {
        "countryId": "BL",
        "countryName": "Saint Barthelemy",
        "telPref": "590"
    }, {
        "countryId": "BM",
        "countryName": "Bermuda",
        "telPref": "1441"
    }, {
        "countryId": "BN",
        "countryName": "Brunei",
        "telPref": "673"
    }, {
        "countryId": "BO",
        "countryName": "Bolivia",
        "telPref": "591"
    }, {
        "countryId": "BR",
        "countryName": "Brazil",
        "telPref": "55"
    }, {
        "countryId": "BS",
        "countryName": "Bahamas",
        "telPref": "1242"
    }, {
        "countryId": "BT",
        "countryName": "Bhutan",
        "telPref": "975"
    }, {
        "countryId": "BV",
        "countryName": "Bouvet Island",
        "telPref": "47"
    }, {
        "countryId": "BW",
        "countryName": "Botswana",
        "telPref": "267"
    }, {
        "countryId": "BY",
        "countryName": "Belarus",
        "telPref": "375"
    }, {
        "countryId": "BZ",
        "countryName": "Belize",
        "telPref": "501"
    }, {
        "countryId": "CA",
        "countryName": "Canada",
        "telPref": "1"
    }, {
        "countryId": "CC",
        "countryName": "Cocos Islands",
        "telPref": "61"
    }, {
        "countryId": "CD",
        "countryName": "Congo Democratic Republic",
        "telPref": "243"
    }, {
        "countryId": "CF",
        "countryName": "Central African Republic",
        "telPref": "236"
    }, {
        "countryId": "CG",
        "countryName": "Congo Republic",
        "telPref": "242"
    }, {
        "countryId": "CH",
        "countryName": "Switzerland",
        "telPref": "41"
    }, {
        "countryId": "CI",
        "countryName": "Ivory Coast",
        "telPref": "225"
    }, {
        "countryId": "CK",
        "countryName": "Cook Islands",
        "telPref": "682"
    }, {
        "countryId": "CL",
        "countryName": "Chile",
        "telPref": "56"
    }, {
        "countryId": "CM",
        "countryName": "Cameroon",
        "telPref": "237"
    }, {
        "countryId": "CN",
        "countryName": "China",
        "telPref": "86"
    }, {
        "countryId": "CO",
        "countryName": "Colombia",
        "telPref": "57"
    }, {
        "countryId": "CR",
        "countryName": "Costa Rica",
        "telPref": "506"
    }, {
        "countryId": "CU",
        "countryName": "Cuba",
        "telPref": "53"
    }, {
        "countryId": "CV",
        "countryName": "Cape Verde",
        "telPref": "238"
    }, {
        "countryId": "CX",
        "countryName": "Christmas Island",
        "telPref": "61"
    }, {
        "countryId": "CY",
        "countryName": "Cyprus",
        "telPref": "357"
    }, {
        "countryId": "CZ",
        "countryName": "Czech Republic",
        "telPref": "420"
    }, {
        "countryId": "DE",
        "countryName": "Germany",
        "telPref": "49"
    }, {
        "countryId": "DJ",
        "countryName": "Djibouti",
        "telPref": "253"
    }, {
        "countryId": "DK",
        "countryName": "Denmark",
        "telPref": "45"
    }, {
        "countryId": "DM",
        "countryName": "Dominica",
        "telPref": "1767"
    }, {
        "countryId": "DO",
        "countryName": "Dominican Republic",
        "telPref": "1809"
    }, {
        "countryId": "DZ",
        "countryName": "Algeria",
        "telPref": "213"
    }, {
        "countryId": "EC",
        "countryName": "Ecuador",
        "telPref": "593"
    }, {
        "countryId": "EE",
        "countryName": "Estonia",
        "telPref": "372"
    }, {
        "countryId": "EG",
        "countryName": "Egypt",
        "telPref": "20"
    }, {
        "countryId": "ER",
        "countryName": "Eritrea",
        "telPref": "291"
    }, {
        "countryId": "ES",
        "countryName": "Spain",
        "telPref": "34"
    }, {
        "countryId": "ET",
        "countryName": "Ethiopia",
        "telPref": "251"
    }, {
        "countryId": "FI",
        "countryName": "Finland",
        "telPref": "358"
    }, {
        "countryId": "FJ",
        "countryName": "Fiji",
        "telPref": "679"
    }, {
        "countryId": "FK",
        "countryName": "Falkland Islands",
        "telPref": "500"
    }, {
        "countryId": "FM",
        "countryName": "Micronesia",
        "telPref": "691"
    }, {
        "countryId": "FO",
        "countryName": "Faroe Islands",
        "telPref": "298"
    }, {
        "countryId": "FR",
        "countryName": "France",
        "telPref": "33"
    }, {
        "countryId": "GA",
        "countryName": "Gabon",
        "telPref": "241"
    }, {
        "countryId": "GB",
        "countryName": "United Kingdom",
        "telPref": "44"
    }, {
        "countryId": "GD",
        "countryName": "Grenada",
        "telPref": "1473"
    }, {
        "countryId": "GE",
        "countryName": "Georgia",
        "telPref": "995"
    }, {
        "countryId": "GG",
        "countryName": "Guernsey",
        "telPref": "44"
    }, {
        "countryId": "GH",
        "countryName": "Ghana",
        "telPref": "233"
    }, {
        "countryId": "GI",
        "countryName": "Gibraltar",
        "telPref": "350"
    }, {
        "countryId": "GL",
        "countryName": "Greenland",
        "telPref": "299"
    }, {
        "countryId": "GM",
        "countryName": "Gambia",
        "telPref": "220"
    }, {
        "countryId": "GN",
        "countryName": "Guinea",
        "telPref": "224"
    }, {
        "countryId": "GQ",
        "countryName": "Equatorial Guinea",
        "telPref": "240"
    }, {
        "countryId": "GR",
        "countryName": "Greece",
        "telPref": "30"
    }, {
        "countryId": "GT",
        "countryName": "Guatemala",
        "telPref": "502"
    }, {
        "countryId": "GU",
        "countryName": "Guam",
        "telPref": "1671"
    }, {
        "countryId": "GW",
        "countryName": "Guinea-Bissau",
        "telPref": "245"
    }, {
        "countryId": "GY",
        "countryName": "Guyana",
        "telPref": "592"
    }, {
        "countryId": "HK",
        "countryName": "Hong Kong",
        "telPref": "852"
    }, {
        "countryId": "HN",
        "countryName": "Honduras",
        "telPref": "504"
    }, {
        "countryId": "HR",
        "countryName": "Croatia",
        "telPref": "385"
    }, {
        "countryId": "HT",
        "countryName": "Haiti",
        "telPref": "509"
    }, {
        "countryId": "HU",
        "countryName": "Hungary",
        "telPref": "36"
    }, {
        "countryId": "IE",
        "countryName": "Ireland",
        "telPref": "353"
    }, {
        "countryId": "IL",
        "countryName": "Israel",
        "telPref": "972"
    }, {
        "countryId": "IM",
        "countryName": "Isle of Man",
        "telPref": "44"
    }, {
        "countryId": "IN",
        "countryName": "India",
        "telPref": "91"
    }, {
        "countryId": "IQ",
        "countryName": "Iraq",
        "telPref": "964"
    }, {
        "countryId": "IR",
        "countryName": "Iran",
        "telPref": "98"
    }, {
        "countryId": "IS",
        "countryName": "Iceland",
        "telPref": "354"
    }, {
        "countryId": "IT",
        "countryName": "Italy",
        "telPref": "39"
    }, {
        "countryId": "JM",
        "countryName": "Jamaica",
        "telPref": "1876"
    }, {
        "countryId": "JO",
        "countryName": "Jordan",
        "telPref": "962"
    }, {
        "countryId": "JP",
        "countryName": "Japan",
        "telPref": "81"
    }, {
        "countryId": "KE",
        "countryName": "Kenya",
        "telPref": "254"
    }, {
        "countryId": "KG",
        "countryName": "Kyrgyzstan",
        "telPref": "996"
    }, {
        "countryId": "KH",
        "countryName": "Cambodia",
        "telPref": "855"
    }, {
        "countryId": "KI",
        "countryName": "Kiribati",
        "telPref": "686"
    }, {
        "countryId": "KM",
        "countryName": "Comoros",
        "telPref": "269"
    }, {
        "countryId": "KN",
        "countryName": "Saint Kitts and Nevis",
        "telPref": "1869"
    }, {
        "countryId": "KP",
        "countryName": "Korea North",
        "telPref": "850"
    }, {
        "countryId": "KR",
        "countryName": "Korea South",
        "telPref": "82"
    }, {
        "countryId": "KW",
        "countryName": "Kuwait",
        "telPref": "965"
    }, {
        "countryId": "KY",
        "countryName": "Cayman Islands",
        "telPref": "1345"
    }, {
        "countryId": "KZ",
        "countryName": "Kazakhstan",
        "telPref": "7"
    }, {
        "countryId": "LA",
        "countryName": "Laos",
        "telPref": "856"
    }, {
        "countryId": "LB",
        "countryName": "Lebanon",
        "telPref": "961"
    }, {
        "countryId": "LC",
        "countryName": "Saint Lucia",
        "telPref": "1758"
    }, {
        "countryId": "LI",
        "countryName": "Liechtenstein",
        "telPref": "423"
    }, {
        "countryId": "LK",
        "countryName": "Sri Lanka",
        "telPref": "94"
    }, {
        "countryId": "LR",
        "countryName": "Liberia",
        "telPref": "231"
    }, {
        "countryId": "LS",
        "countryName": "Lesotho",
        "telPref": "266"
    }, {
        "countryId": "LT",
        "countryName": "Lithuania",
        "telPref": "370"
    }, {
        "countryId": "LU",
        "countryName": "Luxembourg",
        "telPref": "352"
    }, {
        "countryId": "LV",
        "countryName": "Latvia",
        "telPref": "371"
    }, {
        "countryId": "LY",
        "countryName": "Libya",
        "telPref": "218"
    }, {
        "countryId": "MA",
        "countryName": "Morocco",
        "telPref": "212"
    }, {
        "countryId": "MC",
        "countryName": "Monaco",
        "telPref": "377"
    }, {
        "countryId": "MD",
        "countryName": "Moldova",
        "telPref": "373"
    }, {
        "countryId": "ME",
        "countryName": "Montenegro",
        "telPref": "382"
    }, {
        "countryId": "MF",
        "countryName": "Saint Martin",
        "telPref": "1599"
    }, {
        "countryId": "MG",
        "countryName": "Madagascar",
        "telPref": "261"
    }, {
        "countryId": "MH",
        "countryName": "Marshall Islands",
        "telPref": "692"
    }, {
        "countryId": "MK",
        "countryName": "Macedonia",
        "telPref": "389"
    }, {
        "countryId": "ML",
        "countryName": "Mali",
        "telPref": "223"
    }, {
        "countryId": "MM",
        "countryName": "Myanmar",
        "telPref": "95"
    }, {
        "countryId": "MN",
        "countryName": "Mongolia",
        "telPref": "976"
    }, {
        "countryId": "MO",
        "countryName": "Macao",
        "telPref": "853"
    }, {
        "countryId": "MP",
        "countryName": "Northern Mariana Islands",
        "telPref": "1670"
    }, {
        "countryId": "MR",
        "countryName": "Mauritania",
        "telPref": "222"
    }, {
        "countryId": "MS",
        "countryName": "Montserrat",
        "telPref": "1664"
    }, {
        "countryId": "MT",
        "countryName": "Malta",
        "telPref": "356"
    }, {
        "countryId": "MU",
        "countryName": "Mauritius",
        "telPref": "230"
    }, {
        "countryId": "MV",
        "countryName": "Maldives",
        "telPref": "960"
    }, {
        "countryId": "MW",
        "countryName": "Malawi",
        "telPref": "265"
    }, {
        "countryId": "MX",
        "countryName": "Mexico",
        "telPref": "52"
    }, {
        "countryId": "MZ",
        "countryName": "Mozambique",
        "telPref": "258"
    }, {
        "countryId": "NA",
        "countryName": "Namibia",
        "telPref": "264"
    }, {
        "countryId": "NC",
        "countryName": "New Caledonia",
        "telPref": "687"
    }, {
        "countryId": "NE",
        "countryName": "Niger",
        "telPref": "227"
    }, {
        "countryId": "NF",
        "countryName": "Norfolk Island",
        "telPref": "672"
    }, {
        "countryId": "NG",
        "countryName": "Nigeria",
        "telPref": "234"
    }, {
        "countryId": "NI",
        "countryName": "Nicaragua",
        "telPref": "505"
    }, {
        "countryId": "NL",
        "countryName": "Netherlands",
        "telPref": "31"
    }, {
        "countryId": "NO",
        "countryName": "Norway",
        "telPref": "47"
    }, {
        "countryId": "NP",
        "countryName": "Nepal",
        "telPref": "977"
    }, {
        "countryId": "NR",
        "countryName": "Nauru",
        "telPref": "674"
    }, {
        "countryId": "NU",
        "countryName": "Niue",
        "telPref": "683"
    }, {
        "countryId": "NZ",
        "countryName": "New Zealand",
        "telPref": "64"
    }, {
        "countryId": "OM",
        "countryName": "Oman",
        "telPref": "968"
    }, {
        "countryId": "PA",
        "countryName": "Panama",
        "telPref": "507"
    }, {
        "countryId": "PE",
        "countryName": "Peru",
        "telPref": "51"
    }, {
        "countryId": "PF",
        "countryName": "French Polynesia",
        "telPref": "689"
    }, {
        "countryId": "PG",
        "countryName": "Papua New Guinea",
        "telPref": "675"
    }, {
        "countryId": "PH",
        "countryName": "Philippines",
        "telPref": "63"
    }, {
        "countryId": "PK",
        "countryName": "Pakistan",
        "telPref": "92"
    }, {
        "countryId": "PL",
        "countryName": "Poland",
        "telPref": "48"
    }, {
        "countryId": "PM",
        "countryName": "Saint Pierre and Miquelon",
        "telPref": "508"
    }, {
        "countryId": "PN",
        "countryName": "Pitcairn",
        "telPref": "870"
    }, {
        "countryId": "PR",
        "countryName": "Puerto Rico",
        "telPref": "1"
    }, {
        "countryId": "PS",
        "countryName": "Palestinian Territory",
        "telPref": "970"
    }, {
        "countryId": "PT",
        "countryName": "Portugal",
        "telPref": "351"
    }, {
        "countryId": "PW",
        "countryName": "Palau",
        "telPref": "680"
    }, {
        "countryId": "PY",
        "countryName": "Paraguay",
        "telPref": "595"
    }, {
        "countryId": "QA",
        "countryName": "Qatar",
        "telPref": "974"
    }, {
        "countryId": "RO",
        "countryName": "Romania",
        "telPref": "40"
    }, {
        "countryId": "RS",
        "countryName": "Serbia",
        "telPref": "381"
    }, {
        "countryId": "RU",
        "countryName": "Russia",
        "telPref": "7"
    }, {
        "countryId": "RW",
        "countryName": "Rwanda",
        "telPref": "250"
    }, {
        "countryId": "SA",
        "countryName": "Saudi Arabia",
        "telPref": "966"
    }, {
        "countryId": "SB",
        "countryName": "Solomon Islands",
        "telPref": "677"
    }, {
        "countryId": "SC",
        "countryName": "Seychelles",
        "telPref": "248"
    }, {
        "countryId": "SD",
        "countryName": "Sudan",
        "telPref": "249"
    }, {
        "countryId": "SE",
        "countryName": "Sweden",
        "telPref": "46"
    }, {
        "countryId": "SH",
        "countryName": "Saint Helena Ascension and Tristan da Cunha",
        "telPref": "290"
    }, {
        "countryId": "SI",
        "countryName": "Slovenia",
        "telPref": "386"
    }, {
        "countryId": "SK",
        "countryName": "Slovakia",
        "telPref": "421"
    }, {
        "countryId": "SL",
        "countryName": "Sierra Leone",
        "telPref": "232"
    }, {
        "countryId": "SM",
        "countryName": "San Marino",
        "telPref": "378"
    }, {
        "countryId": "SN",
        "countryName": "Senegal",
        "telPref": "221"
    }, {
        "countryId": "SO",
        "countryName": "Somalia",
        "telPref": "252"
    }, {
        "countryId": "SR",
        "countryName": "Suriname",
        "telPref": "597"
    }, {
        "countryId": "ST",
        "countryName": "Sao Tome and Principe",
        "telPref": "239"
    }, {
        "countryId": "SV",
        "countryName": "El Salvador",
        "telPref": "503"
    }, {
        "countryId": "SY",
        "countryName": "Syria",
        "telPref": "963"
    }, {
        "countryId": "SZ",
        "countryName": "Swaziland",
        "telPref": "268"
    }, {
        "countryId": "TC",
        "countryName": "Turks and Caicos Islands",
        "telPref": "1649"
    }, {
        "countryId": "TD",
        "countryName": "Chad",
        "telPref": "235"
    }, {
        "countryId": "TF",
        "countryName": "French Southern Territories",
        "telPref": "569"
    }, {
        "countryId": "TG",
        "countryName": "Togo",
        "telPref": "228"
    }, {
        "countryId": "TH",
        "countryName": "Thailand",
        "telPref": "66"
    }, {
        "countryId": "TJ",
        "countryName": "Tajikistan",
        "telPref": "992"
    }, {
        "countryId": "TK",
        "countryName": "Tokelau",
        "telPref": "690"
    }, {
        "countryId": "TL",
        "countryName": "Timor-Leste",
        "telPref": "670"
    }, {
        "countryId": "TM",
        "countryName": "Turkmenistan",
        "telPref": "993"
    }, {
        "countryId": "TN",
        "countryName": "Tunisia",
        "telPref": "216"
    }, {
        "countryId": "TO",
        "countryName": "Tonga",
        "telPref": "676"
    }, {
        "countryId": "TR",
        "countryName": "Turkey",
        "telPref": "90"
    }, {
        "countryId": "TT",
        "countryName": "Trinidad and Tobago",
        "telPref": "1868"
    }, {
        "countryId": "TV",
        "countryName": "Tuvalu",
        "telPref": "688"
    }, {
        "countryId": "TW",
        "countryName": "Taiwan",
        "telPref": "886"
    }, {
        "countryId": "TZ",
        "countryName": "Tanzania",
        "telPref": "255"
    }, {
        "countryId": "UA",
        "countryName": "Ukraine",
        "telPref": "380"
    }, {
        "countryId": "UG",
        "countryName": "Uganda",
        "telPref": "256"
    }, {
        "countryId": "US",
        "countryName": "United States",
        "telPref": "1"
    }, {
        "countryId": "UY",
        "countryName": "Uruguay",
        "telPref": "598"
    }, {
        "countryId": "UZ",
        "countryName": "Uzbekistan",
        "telPref": "998"
    }, {
        "countryId": "VA",
        "countryName": "Holy See",
        "telPref": "39"
    }, {
        "countryId": "VC",
        "countryName": "Saint Vincent and the Grenadines",
        "telPref": "1784"
    }, {
        "countryId": "VE",
        "countryName": "Venezuela",
        "telPref": "58"
    }, {
        "countryId": "VG",
        "countryName": "British Virgin Islands",
        "telPref": "1284"
    }, {
        "countryId": "VI",
        "countryName": "Virgin Islands",
        "telPref": "1340"
    }, {
        "countryId": "VN",
        "countryName": "Vietnam",
        "telPref": "84"
    }, {
        "countryId": "VU",
        "countryName": "Vanuatu",
        "telPref": "678"
    }, {
        "countryId": "WF",
        "countryName": "Wallis and Futuna",
        "telPref": "681"
    }, {
        "countryId": "WS",
        "countryName": "Samoa",
        "telPref": "685"
    }, {
        "countryId": "YE",
        "countryName": "Yemen",
        "telPref": "967"
    }, {
        "countryId": "YT",
        "countryName": "Mayotte",
        "telPref": "262"
    }, {
        "countryId": "ZA",
        "countryName": "South Africa",
        "telPref": "27"
    }, {
        "countryId": "ZM",
        "countryName": "Zambia",
        "telPref": "260"
    }, {
        "countryId": "ZW",
        "countryName": "Zimbabwe",
        "telPref": "263"
    }]
}